;link;ukr_name;year
0;https://kinotron.top/371https://kinotron.top/5362-zagadkove-vbyvstvo-2.html;Загадкове вбивство 2;2023
1;https://kinotron.top/371https://kinotron.top/5359-druzhyna-mandrivnyka-u-chasi.html;Дружина мандрівника у часі;2023
2;https://kinotron.top/371https://kinotron.top/5356-rana-naydu.html;Рана Найду;2023
3;https://kinotron.top/371https://kinotron.top/5346-yeshilcham.html;Єшильчам;2023
4;https://kinotron.top/371https://kinotron.top/5345-zhanna-puasson-markiza-de-pompadur.html;Жанна Пуассон, Маркіза де Помпадур;2023
5;https://kinotron.top/371https://kinotron.top/5342-divchyna-i-kosmonavt.html;Дівчина й космонавт;2023
6;https://kinotron.top/371https://kinotron.top/5337-vyzhyvut-tilky-kokhanci-vyzhyvut-lyshe-kokhanci.html;Виживуть тільки коханці / Виживуть лише коханці;2023
7;https://kinotron.top/371https://kinotron.top/5335-sogodni-spysh-zi-mnoyu.html;Сьогодні спиш зі мною;2023
8;https://kinotron.top/371https://kinotron.top/5334-chon-i.html;ЧОН_І;2023
9;https://kinotron.top/371https://kinotron.top/5330-lubov-u-kvadrati-znov.html;Любов у квадраті знову;2023
10;https://kinotron.top/371https://kinotron.top/5329-do-tebe-chy-do-mene.html;До тебе чи до мене;2023
11;https://kinotron.top/371https://kinotron.top/5326-plitkarka.html;Пліткарка;2023
12;https://kinotron.top/371https://kinotron.top/5319-chorna-pantera-vakanda-nazavzhdy.html;Чорна Пантера: Ваканда назавжди;2023
13;https://kinotron.top/371https://kinotron.top/5317-vyshchyi-pilotazh.html;Вищий пілотаж;2023
14;https://kinotron.top/371https://kinotron.top/5313-vashi-i-nashi.html;Ваші і наші;2023
15;https://kinotron.top/371https://kinotron.top/5298-beymaks.html;Беймакс!;2023
16;https://kinotron.top/371https://kinotron.top/5295-napivlykhyi-baistruk-samogo-dyiavola.html;Напівлихий: Байстрюк самого диявола;2023
17;https://kinotron.top/371https://kinotron.top/5292-kit-u-chobotiakh-2-ostannie-bazhannia.html;Кіт у чоботях 2: Останнє бажання;2023
18;https://kinotron.top/371https://kinotron.top/5362-zagadkove-vbyvstvo-2.html;Загадкове вбивство 2;2023
19;https://kinotron.top/371https://kinotron.top/5359-druzhyna-mandrivnyka-u-chasi.html;Дружина мандрівника у часі;2023
20;https://kinotron.top/371https://kinotron.top/5356-rana-naydu.html;Рана Найду;2023
21;https://kinotron.top/371https://kinotron.top/5346-yeshilcham.html;Єшильчам;2023
22;https://kinotron.top/371https://kinotron.top/5345-zhanna-puasson-markiza-de-pompadur.html;Жанна Пуассон, Маркіза де Помпадур;2023
23;https://kinotron.top/371https://kinotron.top/5342-divchyna-i-kosmonavt.html;Дівчина й космонавт;2023
24;https://kinotron.top/371https://kinotron.top/5337-vyzhyvut-tilky-kokhanci-vyzhyvut-lyshe-kokhanci.html;Виживуть тільки коханці / Виживуть лише коханці;2023
25;https://kinotron.top/371https://kinotron.top/5335-sogodni-spysh-zi-mnoyu.html;Сьогодні спиш зі мною;2023
26;https://kinotron.top/371https://kinotron.top/5334-chon-i.html;ЧОН_І;2023
27;https://kinotron.top/371https://kinotron.top/5330-lubov-u-kvadrati-znov.html;Любов у квадраті знову;2023
28;https://kinotron.top/371https://kinotron.top/5329-do-tebe-chy-do-mene.html;До тебе чи до мене;2023
29;https://kinotron.top/371https://kinotron.top/5326-plitkarka.html;Пліткарка;2023
30;https://kinotron.top/371https://kinotron.top/5319-chorna-pantera-vakanda-nazavzhdy.html;Чорна Пантера: Ваканда назавжди;2023
31;https://kinotron.top/371https://kinotron.top/5317-vyshchyi-pilotazh.html;Вищий пілотаж;2023
32;https://kinotron.top/371https://kinotron.top/5313-vashi-i-nashi.html;Ваші і наші;2023
33;https://kinotron.top/371https://kinotron.top/5298-beymaks.html;Беймакс!;2023
34;https://kinotron.top/371https://kinotron.top/5295-napivlykhyi-baistruk-samogo-dyiavola.html;Напівлихий: Байстрюк самого диявола;2023
35;https://kinotron.top/371https://kinotron.top/5292-kit-u-chobotiakh-2-ostannie-bazhannia.html;Кіт у чоботях 2: Останнє бажання;2023
36;https://kinotron.top/371https://kinotron.top/5362-zagadkove-vbyvstvo-2.html;Загадкове вбивство 2;2023
37;https://kinotron.top/371https://kinotron.top/5359-druzhyna-mandrivnyka-u-chasi.html;Дружина мандрівника у часі;2023
38;https://kinotron.top/371https://kinotron.top/5356-rana-naydu.html;Рана Найду;2023
39;https://kinotron.top/371https://kinotron.top/5346-yeshilcham.html;Єшильчам;2023
40;https://kinotron.top/371https://kinotron.top/5345-zhanna-puasson-markiza-de-pompadur.html;Жанна Пуассон, Маркіза де Помпадур;2023
41;https://kinotron.top/371https://kinotron.top/5342-divchyna-i-kosmonavt.html;Дівчина й космонавт;2023
42;https://kinotron.top/371https://kinotron.top/5337-vyzhyvut-tilky-kokhanci-vyzhyvut-lyshe-kokhanci.html;Виживуть тільки коханці / Виживуть лише коханці;2023
43;https://kinotron.top/371https://kinotron.top/5335-sogodni-spysh-zi-mnoyu.html;Сьогодні спиш зі мною;2023
44;https://kinotron.top/371https://kinotron.top/5334-chon-i.html;ЧОН_І;2023
45;https://kinotron.top/371https://kinotron.top/5330-lubov-u-kvadrati-znov.html;Любов у квадраті знову;2023
46;https://kinotron.top/371https://kinotron.top/5329-do-tebe-chy-do-mene.html;До тебе чи до мене;2023
47;https://kinotron.top/371https://kinotron.top/5326-plitkarka.html;Пліткарка;2023
48;https://kinotron.top/371https://kinotron.top/5319-chorna-pantera-vakanda-nazavzhdy.html;Чорна Пантера: Ваканда назавжди;2023
49;https://kinotron.top/371https://kinotron.top/5317-vyshchyi-pilotazh.html;Вищий пілотаж;2023
50;https://kinotron.top/371https://kinotron.top/5313-vashi-i-nashi.html;Ваші і наші;2023
51;https://kinotron.top/371https://kinotron.top/5298-beymaks.html;Беймакс!;2023
52;https://kinotron.top/371https://kinotron.top/5295-napivlykhyi-baistruk-samogo-dyiavola.html;Напівлихий: Байстрюк самого диявола;2023
53;https://kinotron.top/371https://kinotron.top/5292-kit-u-chobotiakh-2-ostannie-bazhannia.html;Кіт у чоботях 2: Останнє бажання;2023
54;https://kinotron.top/371https://kinotron.top/5362-zagadkove-vbyvstvo-2.html;Загадкове вбивство 2;2023
55;https://kinotron.top/371https://kinotron.top/5359-druzhyna-mandrivnyka-u-chasi.html;Дружина мандрівника у часі;2023
56;https://kinotron.top/371https://kinotron.top/5356-rana-naydu.html;Рана Найду;2023
57;https://kinotron.top/371https://kinotron.top/5346-yeshilcham.html;Єшильчам;2023
58;https://kinotron.top/371https://kinotron.top/5345-zhanna-puasson-markiza-de-pompadur.html;Жанна Пуассон, Маркіза де Помпадур;2023
59;https://kinotron.top/371https://kinotron.top/5342-divchyna-i-kosmonavt.html;Дівчина й космонавт;2023
60;https://kinotron.top/371https://kinotron.top/5337-vyzhyvut-tilky-kokhanci-vyzhyvut-lyshe-kokhanci.html;Виживуть тільки коханці / Виживуть лише коханці;2023
61;https://kinotron.top/371https://kinotron.top/5335-sogodni-spysh-zi-mnoyu.html;Сьогодні спиш зі мною;2023
62;https://kinotron.top/371https://kinotron.top/5334-chon-i.html;ЧОН_І;2023
63;https://kinotron.top/371https://kinotron.top/5330-lubov-u-kvadrati-znov.html;Любов у квадраті знову;2023
64;https://kinotron.top/371https://kinotron.top/5329-do-tebe-chy-do-mene.html;До тебе чи до мене;2023
65;https://kinotron.top/371https://kinotron.top/5326-plitkarka.html;Пліткарка;2023
66;https://kinotron.top/371https://kinotron.top/5319-chorna-pantera-vakanda-nazavzhdy.html;Чорна Пантера: Ваканда назавжди;2023
67;https://kinotron.top/371https://kinotron.top/5317-vyshchyi-pilotazh.html;Вищий пілотаж;2023
68;https://kinotron.top/371https://kinotron.top/5313-vashi-i-nashi.html;Ваші і наші;2023
69;https://kinotron.top/371https://kinotron.top/5298-beymaks.html;Беймакс!;2023
70;https://kinotron.top/371https://kinotron.top/5295-napivlykhyi-baistruk-samogo-dyiavola.html;Напівлихий: Байстрюк самого диявола;2023
71;https://kinotron.top/371https://kinotron.top/5292-kit-u-chobotiakh-2-ostannie-bazhannia.html;Кіт у чоботях 2: Останнє бажання;2023
